-- phpMyAdmin SQL Dump
-- version 5.0.2
-- https://www.phpmyadmin.net/
--
-- Servidor: 127.0.0.1
-- Tiempo de generación: 14-05-2021 a las 13:46:05
-- Versión del servidor: 10.4.14-MariaDB
-- Versión de PHP: 7.4.9

SET SQL_MODE = "NO_AUTO_VALUE_ON_ZERO";
START TRANSACTION;
SET time_zone = "+00:00";


/*!40101 SET @OLD_CHARACTER_SET_CLIENT=@@CHARACTER_SET_CLIENT */;
/*!40101 SET @OLD_CHARACTER_SET_RESULTS=@@CHARACTER_SET_RESULTS */;
/*!40101 SET @OLD_COLLATION_CONNECTION=@@COLLATION_CONNECTION */;
/*!40101 SET NAMES utf8mb4 */;

--
-- Base de datos: `biblioteca_mvc`
--

-- --------------------------------------------------------

--
-- Estructura de tabla para la tabla `autor`
--

CREATE TABLE `autor` (
  `id` int(11) NOT NULL,
  `autor` varchar(150) NOT NULL,
  `imagen` varchar(100) NOT NULL,
  `estado` int(11) NOT NULL DEFAULT 1
) ENGINE=InnoDB DEFAULT CHARSET=utf8mb4;

--
-- Volcado de datos para la tabla `autor`
--

INSERT INTO `autor` (`id`, `autor`, `imagen`, `estado`) VALUES
(1, 'ultima prueba', 'logo.png', 1),
(2, 'cambiar el nombre llll', '20210514132528.jpg', 1),
(3, 'popoiipippi', 'logo.png', 1);

-- --------------------------------------------------------

--
-- Estructura de tabla para la tabla `configuracion`
--

CREATE TABLE `configuracion` (
  `id` int(11) NOT NULL,
  `nombre` varchar(200) NOT NULL,
  `telefono` varchar(20) NOT NULL,
  `direccion` text NOT NULL,
  `correo` varchar(100) NOT NULL,
  `foto` varchar(50) NOT NULL
) ENGINE=InnoDB DEFAULT CHARSET=utf8mb4;

--
-- Volcado de datos para la tabla `configuracion`
--

INSERT INTO `configuracion` (`id`, `nombre`, `telefono`, `direccion`, `correo`, `foto`) VALUES
(1, 'Vida Informático', '925491523', 'Lima - Perú', 'angelsifuentes@gmail.com', 'logo.png');

-- --------------------------------------------------------

--
-- Estructura de tabla para la tabla `detalle_permisos`
--

CREATE TABLE `detalle_permisos` (
  `id` int(11) NOT NULL,
  `id_usuario` int(11) NOT NULL,
  `id_permiso` int(11) NOT NULL
) ENGINE=InnoDB DEFAULT CHARSET=utf8mb4;

--
-- Volcado de datos para la tabla `detalle_permisos`
--

INSERT INTO `detalle_permisos` (`id`, `id_usuario`, `id_permiso`) VALUES
(5, 2, 1),
(6, 2, 2),
(7, 2, 3),
(8, 2, 5),
(9, 2, 8);

-- --------------------------------------------------------

--
-- Estructura de tabla para la tabla `editorial`
--

CREATE TABLE `editorial` (
  `id` int(11) NOT NULL,
  `editorial` varchar(150) NOT NULL,
  `estado` int(11) NOT NULL DEFAULT 1
) ENGINE=InnoDB DEFAULT CHARSET=utf8mb4;

--
-- Volcado de datos para la tabla `editorial`
--

INSERT INTO `editorial` (`id`, `editorial`, `estado`) VALUES
(1, 'Ninguna', 1),
(2, 'Toribio anyarin', 0);

-- --------------------------------------------------------

--
-- Estructura de tabla para la tabla `estudiante`
--

CREATE TABLE `estudiante` (
  `id` int(11) NOT NULL,
  `codigo` varchar(20) NOT NULL,
  `dni` varchar(20) NOT NULL,
  `nombre` varchar(150) NOT NULL,
  `carrera` varchar(255) NOT NULL,
  `direccion` text NOT NULL,
  `telefono` varchar(15) NOT NULL,
  `estado` int(11) NOT NULL DEFAULT 1
) ENGINE=InnoDB DEFAULT CHARSET=utf8mb4;

--
-- Volcado de datos para la tabla `estudiante`
--

INSERT INTO `estudiante` (`id`, `codigo`, `dni`, `nombre`, `carrera`, `direccion`, `telefono`, `estado`) VALUES
(1, '12345', '74589745', 'Angel sifuentes', 'Ingenieria de sistemas', 'Lima peru', '925491523', 1),
(2, '465', '9779879', 'Prueba', 'Ingenieria', 'Lima', '987978456', 1);

-- --------------------------------------------------------

--
-- Estructura de tabla para la tabla `libro`
--

CREATE TABLE `libro` (
  `id` int(11) NOT NULL,
  `titulo` text NOT NULL,
  `cantidad` int(11) NOT NULL,
  `id_autor` int(11) NOT NULL,
  `id_editorial` int(11) NOT NULL,
  `anio_edicion` date NOT NULL,
  `id_materia` int(11) NOT NULL,
  `num_pagina` int(11) NOT NULL,
  `descripcion` text NOT NULL,
  `imagen` varchar(100) NOT NULL,
  `estado` int(11) NOT NULL DEFAULT 1
) ENGINE=InnoDB DEFAULT CHARSET=utf8mb4;

--
-- Volcado de datos para la tabla `libro`
--

INSERT INTO `libro` (`id`, `titulo`, `cantidad`, `id_autor`, `id_editorial`, `anio_edicion`, `id_materia`, `num_pagina`, `descripcion`, `imagen`, `estado`) VALUES
(1, 'poiopioioiop', 50, 1, 1, '2021-05-08', 1, 1335, 'si', 'logo.png', 1),
(2, 'Javascript', 69, 1, 1, '2021-05-08', 2, 1478, 'Domina javascript', '20210514132615.jpg', 1),
(3, 'python para todos', 23, 1, 1, '2021-05-08', 1, 258, 'anaconda', 'logo.png', 1),
(4, 'ultima prueba', 23, 1, 1, '2021-05-14', 1, 569, '', '20210514132757.jpg', 1);

-- --------------------------------------------------------

--
-- Estructura de tabla para la tabla `materia`
--

CREATE TABLE `materia` (
  `id` int(11) NOT NULL,
  `materia` text NOT NULL,
  `estado` int(11) NOT NULL DEFAULT 1
) ENGINE=InnoDB DEFAULT CHARSET=utf8mb4;

--
-- Volcado de datos para la tabla `materia`
--

INSERT INTO `materia` (`id`, `materia`, `estado`) VALUES
(1, 'Base de Datos', 1),
(2, 'Ingenieria de Software', 1),
(3, 'Algebra', 1),
(4, 'Matematica', 1);

-- --------------------------------------------------------

--
-- Estructura de tabla para la tabla `permisos`
--

CREATE TABLE `permisos` (
  `id` int(11) NOT NULL,
  `nombre` varchar(50) NOT NULL,
  `tipo` int(11) NOT NULL
) ENGINE=InnoDB DEFAULT CHARSET=utf8mb4;

--
-- Volcado de datos para la tabla `permisos`
--

INSERT INTO `permisos` (`id`, `nombre`, `tipo`) VALUES
(1, 'Libros', 1),
(2, 'Autor', 2),
(3, 'Editorial', 3),
(4, 'Usuarios', 4),
(5, 'Configuracion', 5),
(6, 'Estudiantes', 6),
(7, 'Materias', 7),
(8, 'Reportes', 8),
(9, 'Prestamos', 9);

-- --------------------------------------------------------

--
-- Estructura de tabla para la tabla `prestamo`
--

CREATE TABLE `prestamo` (
  `id` int(11) NOT NULL,
  `id_estudiante` int(11) NOT NULL,
  `id_libro` int(11) NOT NULL,
  `fecha_prestamo` date NOT NULL,
  `fecha_devolucion` date NOT NULL,
  `cantidad` int(11) NOT NULL,
  `observacion` text NOT NULL,
  `estado` int(11) NOT NULL DEFAULT 1
) ENGINE=InnoDB DEFAULT CHARSET=utf8mb4;

--
-- Volcado de datos para la tabla `prestamo`
--

INSERT INTO `prestamo` (`id`, `id_estudiante`, `id_libro`, `fecha_prestamo`, `fecha_devolucion`, `cantidad`, `observacion`, `estado`) VALUES
(1, 1, 1, '2021-05-11', '2021-05-11', 5, '', 0),
(2, 1, 2, '2021-05-11', '2021-05-11', 15, '', 0);

-- --------------------------------------------------------

--
-- Estructura de tabla para la tabla `usuarios`
--

CREATE TABLE `usuarios` (
  `id` int(11) NOT NULL,
  `usuario` varchar(50) NOT NULL,
  `nombre` varchar(200) NOT NULL,
  `clave` varchar(100) NOT NULL,
  `estado` int(11) NOT NULL DEFAULT 1
) ENGINE=InnoDB DEFAULT CHARSET=utf8mb4;

--
-- Volcado de datos para la tabla `usuarios`
--

INSERT INTO `usuarios` (`id`, `usuario`, `nombre`, `clave`, `estado`) VALUES
(1, 'admin', 'Angel sifuentes', '8c6976e5b5410415bde908bd4dee15dfb167a9c873fc4bb8a81f6f2ab448a918', 1),
(2, 'angel', 'Vida Informatico', '519ba91a5a5b4afb9dc66f8805ce8c442b6576316c19c6896af2fa9bda6aff71', 1);

--
-- Índices para tablas volcadas
--

--
-- Indices de la tabla `autor`
--
ALTER TABLE `autor`
  ADD PRIMARY KEY (`id`);

--
-- Indices de la tabla `configuracion`
--
ALTER TABLE `configuracion`
  ADD PRIMARY KEY (`id`);

--
-- Indices de la tabla `detalle_permisos`
--
ALTER TABLE `detalle_permisos`
  ADD PRIMARY KEY (`id`),
  ADD KEY `id_usuario` (`id_usuario`),
  ADD KEY `id_permiso` (`id_permiso`);

--
-- Indices de la tabla `editorial`
--
ALTER TABLE `editorial`
  ADD PRIMARY KEY (`id`);

--
-- Indices de la tabla `estudiante`
--
ALTER TABLE `estudiante`
  ADD PRIMARY KEY (`id`);

--
-- Indices de la tabla `libro`
--
ALTER TABLE `libro`
  ADD PRIMARY KEY (`id`),
  ADD KEY `id_autor` (`id_autor`),
  ADD KEY `id_materia` (`id_materia`),
  ADD KEY `id_editorial` (`id_editorial`);

--
-- Indices de la tabla `materia`
--
ALTER TABLE `materia`
  ADD PRIMARY KEY (`id`);

--
-- Indices de la tabla `permisos`
--
ALTER TABLE `permisos`
  ADD PRIMARY KEY (`id`);

--
-- Indices de la tabla `prestamo`
--
ALTER TABLE `prestamo`
  ADD PRIMARY KEY (`id`),
  ADD KEY `id_estudiante` (`id_estudiante`),
  ADD KEY `id_libro` (`id_libro`);

--
-- Indices de la tabla `usuarios`
--
ALTER TABLE `usuarios`
  ADD PRIMARY KEY (`id`);

--
-- AUTO_INCREMENT de las tablas volcadas
--

--
-- AUTO_INCREMENT de la tabla `autor`
--
ALTER TABLE `autor`
  MODIFY `id` int(11) NOT NULL AUTO_INCREMENT, AUTO_INCREMENT=4;

--
-- AUTO_INCREMENT de la tabla `configuracion`
--
ALTER TABLE `configuracion`
  MODIFY `id` int(11) NOT NULL AUTO_INCREMENT, AUTO_INCREMENT=2;

--
-- AUTO_INCREMENT de la tabla `detalle_permisos`
--
ALTER TABLE `detalle_permisos`
  MODIFY `id` int(11) NOT NULL AUTO_INCREMENT, AUTO_INCREMENT=10;

--
-- AUTO_INCREMENT de la tabla `editorial`
--
ALTER TABLE `editorial`
  MODIFY `id` int(11) NOT NULL AUTO_INCREMENT, AUTO_INCREMENT=3;

--
-- AUTO_INCREMENT de la tabla `estudiante`
--
ALTER TABLE `estudiante`
  MODIFY `id` int(11) NOT NULL AUTO_INCREMENT, AUTO_INCREMENT=3;

--
-- AUTO_INCREMENT de la tabla `libro`
--
ALTER TABLE `libro`
  MODIFY `id` int(11) NOT NULL AUTO_INCREMENT, AUTO_INCREMENT=5;

--
-- AUTO_INCREMENT de la tabla `materia`
--
ALTER TABLE `materia`
  MODIFY `id` int(11) NOT NULL AUTO_INCREMENT, AUTO_INCREMENT=5;

--
-- AUTO_INCREMENT de la tabla `permisos`
--
ALTER TABLE `permisos`
  MODIFY `id` int(11) NOT NULL AUTO_INCREMENT, AUTO_INCREMENT=10;

--
-- AUTO_INCREMENT de la tabla `prestamo`
--
ALTER TABLE `prestamo`
  MODIFY `id` int(11) NOT NULL AUTO_INCREMENT, AUTO_INCREMENT=3;

--
-- AUTO_INCREMENT de la tabla `usuarios`
--
ALTER TABLE `usuarios`
  MODIFY `id` int(11) NOT NULL AUTO_INCREMENT, AUTO_INCREMENT=3;

--
-- Restricciones para tablas volcadas
--

--
-- Filtros para la tabla `detalle_permisos`
--
ALTER TABLE `detalle_permisos`
  ADD CONSTRAINT `detalle_permisos_ibfk_1` FOREIGN KEY (`id_usuario`) REFERENCES `usuarios` (`id`),
  ADD CONSTRAINT `detalle_permisos_ibfk_2` FOREIGN KEY (`id_permiso`) REFERENCES `permisos` (`id`);

--
-- Filtros para la tabla `libro`
--
ALTER TABLE `libro`
  ADD CONSTRAINT `libro_ibfk_1` FOREIGN KEY (`id_autor`) REFERENCES `autor` (`id`),
  ADD CONSTRAINT `libro_ibfk_2` FOREIGN KEY (`id_editorial`) REFERENCES `editorial` (`id`),
  ADD CONSTRAINT `libro_ibfk_3` FOREIGN KEY (`id_materia`) REFERENCES `materia` (`id`);

--
-- Filtros para la tabla `prestamo`
--
ALTER TABLE `prestamo`
  ADD CONSTRAINT `prestamo_ibfk_1` FOREIGN KEY (`id_estudiante`) REFERENCES `estudiante` (`id`),
  ADD CONSTRAINT `prestamo_ibfk_2` FOREIGN KEY (`id_libro`) REFERENCES `libro` (`id`);
COMMIT;

/*!40101 SET CHARACTER_SET_CLIENT=@OLD_CHARACTER_SET_CLIENT */;
/*!40101 SET CHARACTER_SET_RESULTS=@OLD_CHARACTER_SET_RESULTS */;
/*!40101 SET COLLATION_CONNECTION=@OLD_COLLATION_CONNECTION */;
